{
    "ListStaff": [
        {
            "id": 1,
            "firstName": "Lê",
            "lastName": "Huy",
            "ns": "2003-03-03",
            "gender": false,
            "area": "Bắc",
            "status": "Bận"
        },
        {
            "id": 2,
            "firstName": "Lê",
            "lastName": "Tài",
            "ns": "2003-01-33",
            "gender": true,
            "area": "Bắc",
            "status": "Bận"
        },
        {
            "id": 4,
            "firstName": "Lê",
            "lastName": "Huy",
            "ns": "2003-06-06",
            "gender": false,
            "area": "Trung",
            "status": "Trống"
        },
        {
            "id": 6,
            "firstName": "Phú",
            "lastName": "Đại",
            "ns": "2003-09-03",
            "gender": true,
            "area": "Nam",
            "status": "Trống"
        },
        {
            "id": 7,
            "firstName": "Nam",
            "lastName": "Lê",
            "ns": "2003-09-03",
            "gender": true,
            "area": "Nam",
            "status": "Bận"
        },
        {
            "id": 8,
            "firstName": "Trần",
            "lastName": "Trung",
            "ns": "2003-09-03",
            "gender": true,
            "area": "Trung",
            "status": "Bận"
        },
        {
            "id": 8,
            "firstName": "Trường",
            "lastName": "Thọ",
            "ns": "2003-09-03",
            "gender": true,
            "area": "Nam",
            "status": "Bận"
        }
    ],
    "ListProject": [
        {
            "id": 1,
            "nameProject": "Quản lí trại heo",
            "startDay": "2202-09-01",
            "money": 12223,
            "leader": 1,
            "member": [
                1,
                2,
                3
            ]
        },
        {
            "id": 2,
            "nameProject": "Công viên cây xanh",
            "startDay": "2202-02-01",
            "money": 99991,
            "leader": 1,
            "member": [
                1,
                2,
                4
            ]
        },
        {
            "id": 3,
            "nameProject": "Tiến lên miền nam",
            "startDay": "2202-06-01",
            "money": 98888,
            "leader": 1,
            "member": [
                1,
                3
            ]
        },
        {
            "id": 4,
            "nameProject": "Tiến lên miền bắc",
            "startDay": "2202-01-01",
            "money": 77777,
            "leader": 1,
            "member": [
                1,
                3,
                4,
                5
            ]
        }
    ],
    "ListTask": [
        {
            "id": 1,
            "nameTask": "Phân tích yêu cầu",
            "idProject": 1,
            "idStaff": 1,
            "description": "Phân tích các yêu cầu của khách hàng để team thực hiện",
            "status": 1,
            "priority": 1
        },
        {
            "id": 2,
            "nameTask": "Thực hiện layout cho ứng dụng",
            "idProject": 1,
            "idStaff": 2,
            "description": "Thực hiện layout website, chú ý kỹ responsive",
            "status": 0,
            "priority": 1
        },
        {
            "id": 3,
            "nameTask": "Tìm hiểu yêu cầu của khách hàng",
            "idProject": 2,
            "idStaff": 3,
            "description": "Đến công ty và ghi nhận các yêu cầu của khách hàng",
            "status": 1,
            "priority": 2
        },
        {
            "id": 4,
            "nameTask": "Đăng ký thành viên",
            "idProject": 3,
            "idStaff": 4,
            "description": "Thực hiện chức năng đăng ký, có capcha, mail kích hoạt",
            "status": 0,
            "priority": 1
        },
        {
            "id": 5,
            "nameTask": "Đổi pass, quên pass",
            "idProject": 1,
            "idStaff": 4,
            "description": "Thực hiện chức năng đỗi pass, quên pass. Nhớ kiểm tra user login, email tồn tại, pass cũ hợp lệ ",
            "status": 0,
            "priority": 1
        },
        {
            "id": 6,
            "nameTask": "Testing 1",
            "idProject": 4,
            "idStaff": 3,
            "description": "Kiểm tra mọi form chức năng theo các case đã liệt kê",
            "status": 1,
            "priority": 2
        },
        {
            "id": 7,
            "nameTask": "Triển khai website",
            "idProject": 5,
            "idStaff": 4,
            "description": "Triển khai website lên hosting đã mua",
            "status": 0,
            "priority": 2
        },
        {
            "id": 8,
            "nameTask": "Hướng dẫn sử dụng và bàn giao",
            "idProject": 5,
            "idStaff": 1,
            "description": "Hướng dẫn sử dụng cho khách hàng",
            "status": 0,
            "priority": 2
        }
    ]
}